<?xml version="1.0" encoding="UTF-8"?>

<nba>
	<!-- home frame -->
	<homeframe width="1024" height="680" windowUp="20">

		<panel className="ui.home.HomePanel" width="1024" height="680"
			x="0" y="0" bg="img/home/background.jpg">

			<tablepane className="ui.home.TestTablePane" width="1000"
				height="500" x="0" y="0">
				<columnnames>
					<columnname name="球员名称" />
					<columnname name="所属球队" />
					<columnname name="参赛场数" />
				</columnnames>
			</tablepane>
			<buttons>
		   		<exit path="img/home/btn/exit.png"  w="20" h="20" x="15" y="5" />
			 	<min path="img/home/btn/min.png"  w="20" h="20" x="45" y="5" />
			 	<max path="img/home/btn/max.png"  w="20" h="20" x="77" y="5" />
			 	
			 	<player path="img/home/func/player.jpg"  w="210" h="317" x="92" y="363" />
			 	<team path="img/home/func/team.jpg"  w="210" h="317" x="302" y="363" />
			 	<match path="img/home/func/match.jpg"  w="210" h="317" x="512" y="363" />
			 	<stats path="img/home/func/stats.jpg"  w="210" h="317" x="722" y="363" />
			
			</buttons>
		</panel>
		
		<panel className="ui.common.Dropdownmenu" width="150" height="240" 
			x="826" y="118">
		
		<buttons>
		<player w="150" h="43" x="0" y="18" path="img/common/dropdownmenu/player.png"/>
		<team w="150" h="43" x="0" y="61" path="img/common/dropdownmenu/team.png"/>
		<match w="150" h="43" x="0" y="104" path="img/common/dropdownmenu/match.png"/>
		<stats w="150" h="43" x="0" y="147" path="img/common/dropdownmenu/stats.png"/>
		<home w="150" h="43" x="0" y="190" path="img/common/dropdownmenu/home.png"/>
		</buttons>
		
		<labels>
		<bg w="150" h="240" x="0" y="0" path="img/common/dropdownmenu/dropdownmenu.png"/>
		</labels>
		
		</panel>
		
		<panel className="ui.common.MotherPanel" width="1024" height="680"
			x="0" y="0" bg="img/common/background.jpg">
			
			<buttons>
			<back path = "img/common/btn/back.png" w="70" h="60" x="36" y="45" />	
			<menu path = "img/common/btn/dropdownmenu_1.png" w="70" h="60" x="906" y="45" />
			<exit path="img/home/btn/exit.png"  w="20" h="20" x="15" y="5" />
			 	<min path="img/home/btn/min.png"  w="20" h="20" x="45" y="5" />
			 	<max path="img/home/btn/max.png"  w="20" h="20" x="77" y="5" />
			 			
			</buttons>
			
			<subpane>			
				<sub1 className="ui.home.HomePanel" width="50" height="50"
					x="0" y="0" bg="img/home/background.jpg">
				</sub1>
			</subpane>
					
		</panel>
		
		
		<panel className="ui.player.PlayerPanel" width="940" height="511"
			x="37" y="148" >
			
			
			
			<buttons>
			<setting w="53" h="46" x="888" y="0" path="img/common/btn/setting.png"/>
			<menu w="52" h="46" x="0" y="0" path="img/common/btn/dropdownmenu2.png"/>
			</buttons>

			<labels>
			<settingbg w="940" h="50" x="0" y="0" path="img/player/setting/bg.png" />
			</labels>
						
			</panel>
			
			<!-- 球员索引界面 --> 
			<panel className="ui.player.index.PlayerIndex" width="940" height="511"
			x="0" y="0">
			<textfields>
			<name w="150" h="25" x="21" y="13" />
			</textfields>
			<labels>
			<indexbg w="940" h="50" x="0" y="0" path="img/player/index/indexbg.png" />
			<search w="180" h="28" x="20" y="12" path="img/common/search/search.png"/>		
			<a w="28" h="45" x="209" y="2" path="img/player/index/a.png" />
			<b w="28" h="45" x="237" y="2" path="img/player/index/b.png" />
			<c w="28" h="45" x="265" y="2" path="img/player/index/c.png" />
			<d w="28" h="45" x="293" y="2" path="img/player/index/d.png" />
			<e w="28" h="45" x="321" y="2" path="img/player/index/e.png" />
			<f w="28" h="45" x="349" y="2" path="img/player/index/f.png" />
			<g w="28" h="45" x="377" y="2" path="img/player/index/g.png" />
			<h w="28" h="45" x="405" y="2" path="img/player/index/h.png" />
			<i w="28" h="45" x="433" y="2" path="img/player/index/i.png" />
			<j w="28" h="45" x="461" y="2" path="img/player/index/j.png" />
			<k w="28" h="45" x="489" y="2" path="img/player/index/k.png" />
			<l w="28" h="45" x="517" y="2" path="img/player/index/l.png" />
			<m w="28" h="45" x="545" y="2" path="img/player/index/m.png" />
			<n w="28" h="45" x="573" y="2" path="img/player/index/n.png" />
			<o w="28" h="45" x="601" y="2" path="img/player/index/o.png" />
			<p w="28" h="45" x="629" y="2" path="img/player/index/p.png" />
			<q w="28" h="45" x="657" y="2" path="img/player/index/q.png" />
			<r w="28" h="45" x="685" y="2" path="img/player/index/r.png" />
			<s w="28" h="45" x="713" y="2" path="img/player/index/s.png" />
			<t w="28" h="45" x="741" y="2" path="img/player/index/t.png" />
			<u w="28" h="45" x="769" y="2" path="img/player/index/u.png" />
			<v w="28" h="45" x="797" y="2" path="img/player/index/v.png" />
			<w w="28" h="45" x="825" y="2" path="img/player/index/w.png" />
			<x w="28" h="45" x="853" y="2" path="img/player/index/x.png" />
			<y w="28" h="45" x="881" y="2" path="img/player/index/y.png" />
			<z w="28" h="45" x="909" y="2" path="img/player/index/z.png" />
			
			<left  text="Bogdanovic Bojan" w="280" h="45" x="0" y="0" />
			<middle1  text="Bogdanovic Bojan" w="280" h="45" x="280" y="0" />
			<middle2  text="Bogdanovic Bojan" w="280" h="45" x="560" y="0" />
			<right  text="Bogdanovic Bojan" w="280" h="45" x="740" y="0" />
			
			</labels>
			</panel>
			
			<panel className="ui.player.stat.PlayerStat" width="940" height="511"
			x="0" y="0" >
			<tablepane className="ui.player.stat.PlayerAllTablePane" width="940"
				height="410" x="0" y="96">
				<columnnames>
					<columnname name="球员名称" />
					<columnname name="所属球队" />
					<columnname name="得分" />
					<columnname name="盖帽数" />
					<columnname name="篮板数" />
					<columnname name="助攻数" />
					<columnname name="抢断数" />
					<columnname name="先发场数" />
				</columnnames>
			</tablepane>
			<tab>
			<stat w1="67" h1="30" w2="67" h2="30" x="794" y="58" 
			      path1="img/common/tab/avg.jpg" 
			      path2="img/common/tab/all.jpg"/>
			</tab>
			</panel>
			
			<panel className="ui.team.TeamPanel" width="940" height="511"
			x="37" y="148" >
			
			</panel>
			
			<panel className="ui.team.TeamIndex" width="940" height="511"
			x="0" y="0" bg="img/team/teambg.png">
			<buttons>
			<hou w="150" h="70" x="140" y="15" path="img/team/index/HOU.jpg"/>
			<mem w="150" h="70" x="300" y="15" path="img/team/index/MEM.jpg" />
			<sas w="150" h="70" x="460" y="15" path="img/team/index/SAS.jpg" />
			<dal w="150" h="70" x="620" y="15" path="img/team/index/DAL.jpg" />
			<nop w="150" h="70" x="780" y="15" path="img/team/index/NOP.jpg" />
			
			<gsw w="150" h="70" x="140" y="95" path="img/team/index/GSW.jpg" />
			<lac w="150" h="70" x="300" y="95" path="img/team/index/LAC.jpg" />
			<phx w="150" h="70" x="460" y="95" path="img/team/index/PHX.jpg" />
			<sac w="150" h="70" x="620" y="95" path="img/team/index/SAC.jpg" />
			<lal w="150" h="70" x="780" y="95" path="img/team/index/LAL.jpg" />
			
			<por w="150" h="70" x="140" y="175" path="img/team/index/POR.jpg" />
			<okc w="150" h="70" x="300" y="175" path="img/team/index/OKC.jpg" />
			<uta w="150" h="70" x="460" y="175" path="img/team/index/UTA.jpg" />
			<den w="150" h="70" x="620" y="175" path="img/team/index/DEN.jpg" />
			<min w="150" h="70" x="780" y="175" path="img/team/index/MIN.jpg" />
			
			<tor w="150" h="70" x="140" y="270" path="img/team/index/TOR.jpg" />
			<bos w="150" h="70" x="300" y="270" path="img/team/index/BOS.jpg" />
			<bkn w="150" h="70" x="460" y="270" path="img/team/index/BKN.jpg" />
			<phi w="150" h="70" x="620" y="270" path="img/team/index/PHI.jpg" />
			<nyk w="150" h="70" x="780" y="270" path="img/team/index/NYK.jpg" />
			
			<atl w="150" h="70" x="140" y="350" path="img/team/index/ATL.jpg" />
			<was w="150" h="70" x="300" y="350" path="img/team/index/WAS.jpg" />
			<mia w="150" h="70" x="460" y="350" path="img/team/index/MIA.jpg" />
			<cha w="150" h="70" x="620" y="350" path="img/team/index/CHA.jpg" />
			<orl w="150" h="70" x="780" y="350" path="img/team/index/ORL.jpg" />
			
			<cle w="150" h="70" x="140" y="430" path="img/team/index/CLE.jpg" />
			<chi w="150" h="70" x="300" y="430" path="img/team/index/CHI.jpg" />
			<mil w="150" h="70" x="460" y="430" path="img/team/index/MIL.jpg" />
			<ind w="150" h="70" x="620" y="430" path="img/team/index/IND.jpg" />
			<det w="150" h="70" x="780" y="430" path="img/team/index/DET.jpg" />
			
			</buttons>
			</panel>
			
			<panel className="ui.team.TeamDetail" width="940" height="511"
			x="0" y="0" >
			
			<labels>
			<info w="150" h="46" x="0" y="0" path="img/team/label/info.png"/>
			<player w="150" h="46" x="150" y="0" path="img/team/label/player.png"/>
			<labelbg w="940" h="50" x="0" y="0" path="img/player/setting/bg.png" />
			
			<team w="250" h="30" x="50" y="50" />
			<img w="100" h="100" x="50" y="80"/>
			<buildtime w="100" h="20" x="150" y="80"/>
			<location w="250" h="20" x="150" y="100"/>
			<league w="100" h="20" x="150" y="120"/>
			<division w="100" h="20" x="150" y="140"/>
			<championship w="100" h="20" x="150" y="160"/>
			
			<current w="200" h="30" x="400" y="50" />
			
			<more w="200" h="30" x="800" y="450"/>
			</labels>
			
			<tablepane className="ui.live.TeamGeneralTablePane" width="300"
				height="160" x="10" y="200">
				<columnnames>
					<columnname name="技术统计" />
					<columnname name="场均" />
					<columnname name="总数" />
				</columnnames>
			</tablepane>
			
			<comboboxes>
				<cdt w="110" h="25" x="480" y="52">
					<string str="得分" />
					<string str="出手数" />
					<string str="命中率" />
					<string str="3分得分" />
					<string str="3分出手" />
					<string str="3分命中率" />
					<string str="罚球得分" />
					<string str="罚球次数" />
					<string str="罚球命中率" />
					<string str="进攻篮板" />
					<string str="防守篮板" />
					<string str="总篮板" />
					<string str="助攻" />
					<string str="抢断" />
					<string str="盖帽" />
					<string str="失误"/>
					<string str="犯规"/>
				</cdt>
				</comboboxes>
			</panel>
			
			<panel className="ui.team.advance.TeamMore" width="940" height="511"
			x="0" y="0">
			
			<tablepane>
			<table1 className="ui.team.advance.TBYTablePane" width="901"
				height="420" x="20" y="50">
				<columnnames>
				    <columnname name="Team" />
					<columnname name="Season" />
					<columnname name="W" />
					<columnname name="L" />
					<columnname name="Fin" />
					<columnname name="Age" />
					<columnname name="Ht." />
					<columnname name="Wt." />
					<columnname name="G" />
					<columnname name="MP" />
					<columnname name="FG" />
					<columnname name="FGA" />
					<columnname name="FG%" />
					<columnname name="3P" />
					<columnname name="3PA" />
					<columnname name="3P%" />
					<columnname name="2P" />
					<columnname name="2PA" />
					<columnname name="2P%" />
					<columnname name="FT" />
					<columnname name="FTA" />
					<columnname name="FT%" />
					<columnname name="ORB" />
					<columnname name="DRB" />
					<columnname name="TRB" />
					<columnname name="AST" />
					<columnname name="STL" />
					<columnname name="BLK" />
					<columnname name="TOV" />
					<columnname name="PF" />
					<columnname name="PTS" />
				</columnnames>
			</table1>
			
			<table2 className="ui.team.advance.PGBYTablePane" width="906"
				height="420" x="17" y="50">
				<columnnames>
					<columnname name="Team" />
					<columnname name="Season" />
					<columnname name="MP" />
					<columnname name="FG" />
					<columnname name="FGA" />
					<columnname name="FG%" />
					<columnname name="3P" />
					<columnname name="3PA" />
					<columnname name="3P%" />
					<columnname name="2P" />
					<columnname name="2PA" />
					<columnname name="2P%" />
					<columnname name="FT" />
					<columnname name="FTA" />
					<columnname name="FT%" />
					<columnname name="ORB" />
					<columnname name="DRB" />
					<columnname name="TRB" />
					<columnname name="AST" />
					<columnname name="STL" />
					<columnname name="BLK" />
					<columnname name="TOV" />
					<columnname name="PF" />
					<columnname name="PTS" />
				</columnnames>
			</table2>
			
			<table3 className="ui.team.advance.OppTotalTablePane" width="901"
				height="420" x="20" y="50">
				<columnnames>
				    <columnname name="Team" />
					<columnname name="Season" />
					<columnname name="MP" />
					<columnname name="FG" />
					<columnname name="FGA" />
					<columnname name="FG%" />
					<columnname name="3P" />
					<columnname name="3PA" />
					<columnname name="3P%" />
					<columnname name="2P" />
					<columnname name="2PA" />
					<columnname name="2P%" />
					<columnname name="FT" />
					<columnname name="FTA" />
					<columnname name="FT%" />
					<columnname name="ORB" />
					<columnname name="DRB" />
					<columnname name="TRB" />
					<columnname name="AST" />
					<columnname name="STL" />
					<columnname name="BLK" />
					<columnname name="TOV" />
					<columnname name="PF" />
					<columnname name="PTS" />
				</columnnames>
			</table3>
			
			<table4 className="ui.team.advance.PGBYTablePane" width="906"
				height="420" x="17" y="50">
				<columnnames>
					<columnname name="Team" />
					<columnname name="Season" />
					<columnname name="MP" />
					<columnname name="FG" />
					<columnname name="FGA" />
					<columnname name="FG%" />
					<columnname name="3P" />
					<columnname name="3PA" />
					<columnname name="3P%" />
					<columnname name="2P" />
					<columnname name="2PA" />
					<columnname name="2P%" />
					<columnname name="FT" />
					<columnname name="FTA" />
					<columnname name="FT%" />
					<columnname name="ORB" />
					<columnname name="DRB" />
					<columnname name="TRB" />
					<columnname name="AST" />
					<columnname name="STL" />
					<columnname name="BLK" />
					<columnname name="TOV" />
					<columnname name="PF" />
					<columnname name="PTS" />
				</columnnames>
			</table4>
			</tablepane>
			
			<labels>
			<hint w="110" h="30" x="70" y="10"/>
			<total w="110" h="30" x="195" y="10"/>
			<pergame w="130" h="30" x="290" y="10"/>
			<opptotal w="180" h="30" x="430" y="10"/>
			<opppergame w="200" h="30" x="610" y="10"/>
			</labels>
			</panel>
			
			<panel className="ui.team.TeamStat" width="940" height="511"
			x="0" y="0">
			<buttons>
			<setting w="53" h="46" x="888" y="0" path="img/common/btn/setting.png"/>
			<menu w="52" h="46" x="0" y="0" path="img/common/btn/dropdownmenu2.png"/>
			</buttons>

			<labels>
			<settingbg w="940" h="50" x="0" y="0" path="img/player/setting/bg.png" />
			</labels>
						
			<tab>
			<stat w1="67" h1="30" w2="67" h2="30" x="794" y="58" 
			      path1="img/common/tab/avg.jpg" 
			      path2="img/common/tab/all.jpg"/>
			</tab>
			
			
			</panel>
			
			<panel className="ui.match.MatchPanel" width="940" height="511"
			x="37" y="148">
			
			</panel>
			
			<panel className="ui.player.PlayerNav" width="770" 
			height="60" x="106" y="45" bg="img/common/nav/navbg.jpg" >
			
			<labels>
			<index  w="103" h="60" x="0" y="0" path="img/player/nav/index.png"/>
			<playerstat  w="103" h="60" x="104" y="0" path="img/player/nav/stat.png"/>
			<hotplayer  w="103" h="60" x="208" y="0" path="img/player/nav/hotplayer.png"/>
			<playerpast w="103" h="60" x="312" y="0" path="img/player/nav/playerpast.png"/>
			</labels>
			
			</panel>

			<panel className="ui.team.TeamNav" width="770" 
			height="60" x="106" y="45" bg="img/common/nav/navbg.jpg" >
			
			<labels>
			<index  w="103" h="60" x="0" y="0" path="img/team/nav/index.png"/>
			<teamstat  w="103" h="60" x="104" y="0" path="img/team/nav/stat.png"/>
			<hotteam  w="103" h="60" x="208" y="0" path="img/team/nav/hotteam.png"/>
			</labels>
			
			</panel>
			
			<panel className="ui.match.MatchNav" width="770" 
			height="60" x="106" y="45" bg="img/common/nav/navbg.jpg" >
			
			<labels>
			<matchstat  w="103" h="60" x="0" y="0" path="img/match/nav/stat.png"/>
			<live  w="103" h="60" x="104" y="0" path="img/match/nav/live.png"/>
			</labels>
			
			</panel>
			
			<panel className="ui.player.stat.PlayerFilter" width="690" height="260"
			x="0" y="0" bg="img/common/filter/filterbg.jpg">
			<labels>
			<season w="177" h="27" x="40" y="13" path="img/common/filter/filtercdt.png"/>
			<type w="177" h="27" x="256" y="13" path="img/common/filter/filtercdt.png"/>
			<league w="177" h="27" x="479" y="13" path="img/common/filter/filtercdt.png"/>
			<division w="177" h="27" x="40" y="13" path="img/common/filter/filtercdt.png"/>
			<team w="177" h="27" x="40" y="13" path="img/common/filter/filtercdt.png"/>
			<posision w="177" h="27" x="40" y="13" path="img/common/filter/filtercdt.png"/>
			<college w="177" h="27" x="40" y="13" path="img/common/filter/filtercdt.png"/>
			<country w="177" h="27" x="40" y="13" path="img/common/filter/filtercdt.png"/>
			<height w="177" h="27" x="40" y="13" path="img/common/filter/filtercdt.png"/>
			<weight w="177" h="27" x="40" y="13" path="img/common/filter/filtercdt.png"/>
			<begindate w="177" h="27" x="40" y="13" path="img/common/filter/filtercdt.png"/>
			<enddate w="177" h="27" x="40" y="13" path="img/common/filter/filtercdt.png"/>
			</labels>
			
			<buttons>
			<search w="177" h="27" x="485" y="215" path="img/common/filter/search.png"/>
			</buttons>
			
			
			<comboboxes>
				<season w="110" h="25" x="10" y="20">
					<string str="14-15" />
					<string str="13-14" />
					<string str="12-13" />
					<string str="11-12" />
					<string str="10-11" />
					<string str="09-10" />
					<string str="08-09" />
					<string str="07-08" />
					<string str="06-07" />
					<string str="05-06" />
					<string str="04-05" />
					<string str="03-04" />
					<string str="02-03" />
					<string str="01-02" />
					<string str="00-01" />
				</season>
				
				<position w="110" h="25" x="150" y="20">
					<string str="C" />
					<string str="PF" />
					<string str="SF" />
					<string str="PG" />
					<string str="SG" />
				</position>
				
				<division w="110" h="25" x="290" y="20">
					<string str="Atlantic" />
					<string str="Central" />
					<string str="Nothwest" />
					<string str="Pacific" />
					<string str="Southeast" />
					<string str="Southwest" />
				</division>
				
				<regular w="110" h="25" x="430" y="20">
					<string str="常规赛" />
					<string str="季后赛" />
				</regular>
				

				<common1 w="110" h="25" x="10" y="100">
					<string str="参赛场数" />
					<string str="先发场数" />
					<string str="篮板数" />
					<string str="助攻数" />
					<string str="在场时间" />
					<string str="投篮命中率" />
					<string str="三分命中率" />
					<string str="罚球命中率" />
					<string str="抢断数" />
					<string str="盖帽数" />
					<string str="失误数" />
					<string str="犯规数" />
					<string str="得分" />
					<string str="进攻篮板数" />
					<string str="防守篮板数" />					
				</common1>

				<common2 w="110" h="25" x="150" y="100">
					<string str="参赛场数" />
					<string str="先发场数" />
					<string str="篮板数" />
					<string str="助攻数" />
					<string str="在场时间" />
					<string str="投篮命中率" />
					<string str="三分命中率" />
					<string str="罚球命中率" />
					<string str="抢断数" />
					<string str="盖帽数" />
					<string str="失误数" />
					<string str="犯规数" />
					<string str="得分" />
					<string str="进攻篮板数" />
					<string str="防守篮板数" />			
				</common2>

				<common3 w="110" h="25" x="290" y="100">
					<string str="参赛场数" />
					<string str="先发场数" />
					<string str="篮板数" />
					<string str="助攻数" />
					<string str="在场时间" />
					<string str="投篮命中率" />
					<string str="三分命中率" />
					<string str="罚球命中率" />
					<string str="抢断数" />
					<string str="盖帽数" />
					<string str="失误数" />
					<string str="犯规数" />
					<string str="得分" />
					<string str="进攻篮板数" />
					<string str="防守篮板数" />			
				</common3>

				<common4 w="110" h="25" x="10" y="150">
					<string str="参赛场数" />
					<string str="先发场数" />
					<string str="篮板数" />
					<string str="助攻数" />
					<string str="在场时间" />
					<string str="投篮命中率" />
					<string str="三分命中率" />
					<string str="罚球命中率" />
					<string str="抢断数" />
					<string str="盖帽数" />
					<string str="失误数" />
					<string str="犯规数" />
					<string str="得分" />
					<string str="进攻篮板数" />
					<string str="防守篮板数" />	
				</common4>
				
				<common5 w="110" h="25" x="150" y="150">
					<string str="参赛场数" />
					<string str="先发场数" />
					<string str="篮板数" />
					<string str="助攻数" />
					<string str="在场时间" />
					<string str="投篮命中率" />
					<string str="三分命中率" />
					<string str="罚球命中率" />
					<string str="抢断数" />
					<string str="盖帽数" />
					<string str="失误数" />
					<string str="犯规数" />
					<string str="得分" />
					<string str="进攻篮板数" />
					<string str="防守篮板数" />			
				</common5>
				
				<common6 w="110" h="25" x="290" y="150">
					<string str="参赛场数" />
					<string str="先发场数" />
					<string str="篮板数" />
					<string str="助攻数" />
					<string str="在场时间" />
					<string str="投篮命中率" />
					<string str="三分命中率" />
					<string str="罚球命中率" />
					<string str="抢断数" />
					<string str="盖帽数" />
					<string str="失误数" />
					<string str="犯规数" />
					<string str="得分" />
					<string str="进攻篮板数" />
					<string str="防守篮板数" />			
				</common6>
			</comboboxes>
			</panel>
			
			<panel className="ui.team.TeamFilter" width="690" height="260"
			x="250" y="46" bg="img/common/filter/filterbg.jpg">
			<labels>
			<season w="177" h="27" x="40" y="13" path="img/common/filter/filtercdt.png"/>
			</labels>
			
			<buttons>
			<search w="177" h="27" x="485" y="215" path="img/common/filter/search.png"/>
			</buttons>
			</panel>
			
			
			<!-- 直播panel -->
			<panel className="ui.live.LivePanel" width="940" height="511"
			x="0" y="0" bg="img/match/live/vs.png">
			<labels>
			<score1  text="hh" w="103" h="60" x="260" y="80" />
			<score2 text="hh" w="103" h="60" x="680" y="80" />
			<team1  text="hh" w="103" h="60" x="250" y="100" />
			<team2  text="hh" w="103" h="60" x="670" y="100" />
			<img1   w="120" h="120" x="70" y="50" />
			<img2   w="120" h="120" x="720" y="50" />
			<livebg w="940" h="46" x="0" y="0" path="img/match/live/livebg.png"/>
			<live w="150" h="46" x="0" y="0" path="img/match/live/live.png" />
			<stat w="150" h="46" x="150" y="0" path="img/match/live/stat.png" />
			<rank w="150" h="46" x="300" y="0" path="img/match/live/rank.png" />			
			</labels>
			
			<tablepane className="ui.live.MessageTablePane" width="940"
				height="380" x="0" y="180">
				<columnnames>
					<columnname name="时间" />
					<columnname name="球队" />
					<columnname name="事件" />
					<columnname name="比分" />
				</columnnames>
			</tablepane>
			</panel>
			
			<panel className="ui.player.stat.CoverPanel" width="940" height="511"
			x="0" y="0" bg="img/home/background.jpg">
			</panel>
			
			<panel className="ui.live.LiveChoosePane"  width="940" height="491"
			x="0" y="20" >
			<labels>
			<news  text="hh" w="1030" h="60" x="0" y="0" />			
			</labels>
			<buttons>
			<btn text="观看" w="177" h="27" x="485" y="215"/>
			</buttons>
			</panel>

		
	</homeframe>
</nba>